ID	adj.P.Val	P.Value	t	B	logFC	Gene.symbol	Gene.title
ILMN_1351240	7.01183537623427e-06	5.92309329883612e-10	15.5222261655494	12.7055050236449	0.800293848422642	Hspa5	heat shock protein family A member 5
ILMN_1650006	7.01183537623427e-06	1.36956115843298e-09	14.5310536306858	12.0114488139932	0.583560753511431	Angpt2	angiopoietin 2
ILMN_1361558	7.01183537623427e-06	1.81697103907164e-09	14.2097503695359	11.7731380697804	0.723813778818132	Pla1a	phospholipase A1 member A
ILMN_1349449	7.01183537623427e-06	2.09699749569623e-09	14.0492451588501	11.651512981322	0.834390114085284	Htra1	HtrA serine peptidase 1
ILMN_1358069	1.01900698180481e-05	3.80937189459744e-09	13.3977832510822	11.1394578131853	1.90904034793973	Pdyn	prodynorphin
ILMN_1350665	2.51773117620983e-05	1.12944949960815e-08	12.2787386352128	10.1856847823285	1.11709880540293	Itga7	integrin subunit alpha 7
ILMN_1348939	2.94860049707865e-05	1.5431927835178e-08	11.9725174663381	9.90699803607637	0.868443696522005	Cd93	CD93 molecule
ILMN_1376629	3.47863249540159e-05	2.21899196217101e-08	11.6242892117638	9.58019208573049	0.798027772629048	Fkbp5	FK506 binding protein 5
ILMN_1352105	3.47863249540159e-05	2.34076205298051e-08	11.5737884033805	9.53189993357816	0.784492055641337	Cry1	cryptochrome circadian clock 1
ILMN_1376847	3.97920726749151e-05	2.97510823737683e-08	-11.349338813893	9.31444658839094	-0.489072792342199	Zbtb22	zinc finger and BTB domain containing 22
ILMN_1364142	0.000102435772198112	8.42462425554568e-08	10.4159206549223	8.35832090012255	0.661432631408922		
ILMN_1356357	0.000109796626627115	9.85091229551683e-08	-10.2811658383736	8.21303068218842	-0.494616603764345	Lyrm9	LYR motif containing 9
ILMN_1361614	0.000115439736290201	1.13729655538571e-07	10.1585976322496	8.07921457182289	0.443947441865999	Kcnj14	potassium voltage-gated channel subfamily J member 14
ILMN_1368068	0.000115439736290201	1.27983926555485e-07	10.0587269725566	7.96898957638056	1.43557304292876	Arhgap25	Rho GTPase activating protein 25
ILMN_1368515	0.000115439736290201	1.29465124811441e-07	10.0490359546328	7.95823645974244	0.453686454818062	Calr	calreticulin
ILMN_1351250	0.000164435972620893	2.01878974226181e-07	9.68039962433431	7.54152386806619	0.385811289704238	Ubqln1	ubiquilin 1
ILMN_1349367	0.000164435972620893	2.32523484218984e-07	9.56534686167453	7.40834505431717	0.556887091196784	Acvr1	activin A receptor type 1
ILMN_1365695	0.000164435972620893	2.5256808785387e-07	9.49851399097875	7.33028669853871	0.416834679903324	Dnaja1	DnaJ heat shock protein family (Hsp40) member A1
ILMN_1368194	0.000164435972620893	2.5420576081025e-07	9.49330523595852	7.32418141616625	0.892061291117278	Trib2	tribbles pseudokinase 2
ILMN_1650724	0.000164435972620893	2.5471179570619e-07	9.49170297115681	7.3223027393548	0.444171835777633	Pnpla2	patatin-like phospholipase domain containing 2
ILMN_1361561	0.000164435972620893	2.5817984486271e-07	9.48081241019169	7.30952553604714	0.652809680426713	Pten	phosphatase and tensin homolog
ILMN_1366897	0.000219894424381614	4.01188996931952e-07	9.13098519215295	6.89169028436884	0.417233562915237	Klf9	Kruppel-like factor 9
ILMN_1651100	0.000219894424381614	4.06487947467688e-07	-9.12072137435762	6.87921121230646	-0.477815169367642	Amdhd2	amidohydrolase domain containing 2
ILMN_1360702	0.000219894424381614	4.06994429390028e-07	9.11974780300134	6.87802685390892	1.1009178351399	Htr1b	5-hydroxytryptamine receptor 1B
ILMN_1360716	0.000219894424381614	4.24673145918347e-07	9.08654965507225	6.83757248070463	1.23346116817743	Scg2	secretogranin II
ILMN_1358080	0.000219894424381614	4.27458320293231e-07	9.08145379726355	6.83135100059167	0.747854877024352	Por	cytochrome p450 oxidoreductase
ILMN_1375583	0.000222771527768204	4.49707009326467e-07	9.04197206656043	6.78304139345406	0.815034589327105		
ILMN_1366174	0.000228750170205691	4.78878860991353e-07	8.99324167272378	6.72315350838775	2.26227755000042	Nmu	neuromedin U
ILMN_1357312	0.000232552719013386	5.17727115963177e-07	8.93303476597562	6.64875998010314	0.436855238546841	Mcl1	BCL2 family apoptosis regulator
ILMN_1368083	0.000232552719013386	5.21613575357127e-07	8.9272776873333	6.64162301430022	1.16765332143041	Tpbg	trophoblast glycoprotein
ILMN_1650898	0.000233535647823495	5.59385013844522e-07	8.87359200680002	6.57487267778628	0.521002516991346	Man1a2	mannosidase, alpha, class 1A, member 2
ILMN_1368460	0.000233535647823495	5.88491346901789e-07	8.83478798537771	6.52640319302468	0.476152103886008		
ILMN_1372033	0.000233535647823495	5.98794061128454e-07	-8.82153945699118	6.50981178430629	-0.75753623630276	Matk	megakaryocyte-associated tyrosine kinase
ILMN_1353101	0.000233535647823495	6.21095659366105e-07	-8.79367262519279	6.47484211720393	-0.419787775100625	Ano4	anoctamin 4
ILMN_1349847	0.000233535647823495	6.58922383486851e-07	8.74875387581966	6.41826973802721	0.391868261983969	Ube2q1	ubiquitin conjugating enzyme E2 Q1
ILMN_1370145	0.000233535647823495	6.77487162603859e-07	-8.72770094993849	6.39166771072385	-0.332269643006817	Mterf2	mitochondrial transcription termination factor 2
ILMN_1358762	0.000233535647823495	6.78785480951351e-07	-8.72625162982714	6.38983432896831	-0.490251355579078	Pik3ip1	phosphoinositide-3-kinase interacting protein 1
ILMN_1350007	0.000233535647823495	6.88697600649779e-07	8.71528283518518	6.37595028581184	0.41983094132029	Dnajb11	DnaJ heat shock protein family (Hsp40) member B11
ILMN_1367507	0.000233535647823495	6.95914410000695e-07	-8.70740169919273	6.36596516425171	-0.462043071287931		
ILMN_1352255	0.000233535647823495	7.02601181575728e-07	8.70017652231848	6.35680423346505	0.44153693616388	Abhd17c	abhydrolase domain containing 17C
ILMN_1360648	0.000233535647823495	7.28122464766073e-07	8.67325657898133	6.32261387645635	0.594204822845493	Trmt61a	tRNA methyltransferase 61A
ILMN_1353485	0.000233535647823495	7.33345585688731e-07	8.66787087822342	6.31576262149476	0.496383175182941	Stac3	SH3 and cysteine rich domain 3
ILMN_1355328	0.000233699846143248	7.51334084796985e-07	8.64962951826168	6.29253011243306	1.04418385432919	Dusp14	dual specificity phosphatase 14
ILMN_1360553	0.000247655423776554	8.26852019952149e-07	8.57780515700762	6.20064195025698	0.552521038767708		
ILMN_1362985	0.000247655423776554	8.38603698846918e-07	-8.56725802158991	6.18709307244402	-0.557518616469512	Marcksl1	MARCKS-like 1
ILMN_1366714	0.000247655423776554	8.5174949485768e-07	8.55564412916493	6.17215735524594	0.598980100066068	Pdcd11	programmed cell death 11
ILMN_1349827	0.000262395980864815	9.22064381356733e-07	8.49659052216347	6.09594516470884	1.07455529949162	Pdp1	pyruvate dehyrogenase phosphatase catalytic subunit 1
ILMN_1359200	0.00026477531922319	9.50221706371075e-07	8.47427244936681	6.06702537545992	2.76081331255647	Timp1	TIMP metallopeptidase inhibitor 1
ILMN_1361429	0.000275629923306504	1.00978439192663e-06	8.42929102730966	6.00854252840322	0.375434993843974	Arih1	ariadne RBR E3 ubiquitin protein ligase 1
ILMN_1374127	0.000276265900463972	1.05247144599169e-06	-8.39875408427928	5.96869005060582	-0.435674995637719		
ILMN_1367489	0.000276265900463972	1.05342511578786e-06	-8.3980869653875	5.96781806702324	-0.545223437921633	Cntn2	contactin 2
ILMN_1357008	0.00027744990540096	1.07868374436261e-06	-8.38064749731217	5.94500254985367	-0.850541519570791	Fn3k	fructosamine 3 kinase
ILMN_1350548	0.000277690979010331	1.11778135227028e-06	-8.35449036791908	5.91070753442014	-0.442742086859386	Neurl2	neuralized E3 ubiquitin protein ligase 2
ILMN_1370619	0.000277690979010331	1.14368840782749e-06	8.33768757255661	5.88862990719636	1.4235429673136	Inhba	inhibin beta A subunit
ILMN_1357427	0.000277690979010331	1.16344624693755e-06	8.32514238739007	5.87212233317562	1.0004320304233	Gapdhs	glyceraldehyde-3-phosphate dehydrogenase, spermatogenic
ILMN_1376694	0.000277690979010331	1.18218777446334e-06	8.3134497734455	5.85671801424239	0.800342252623247	Crem	cAMP responsive element modulator
ILMN_1358770	0.000277690979010331	1.18343071428702e-06	-8.31268128805062	5.85570495171365	-0.525217220515756	Phf1	PHD finger protein 1
ILMN_1349152	0.00029538243475309	1.28091074509751e-06	8.25493790452762	5.77936178562006	0.646606629316014		
ILMN_1355784	0.0003182233079471	1.40375141449562e-06	8.18848035785382	5.69095183725622	0.618577497709805	Sv2c	synaptic vesicle glycoprotein 2c
ILMN_1364908	0.00031940299107452	1.43568974188783e-06	8.17221098781731	5.66921894299142	0.860443632899669	Pmepa1	prostate transmembrane protein, androgen induced 1
ILMN_1373530	0.00031940299107452	1.45671644527445e-06	8.16170827091457	5.65517050813983	0.595722624177831	Creld2	cysteine-rich with EGF-like domains 2
ILMN_1349269	0.00031945907876909	1.48085703803242e-06	-8.1498467411943	5.63928683123097	-1.16094002392681	Sgk1	serum/glucocorticoid regulated kinase 1
ILMN_1651025	0.000392606989029193	1.87465449492089e-06	7.98097181497242	5.41109950421014	0.470974383487723	Slc25a17	solute carrier family 25 member 17
ILMN_1349675	0.000392606989029193	1.87864278862567e-06	-7.97946074388079	5.4090403354584	-0.375048711915694	Nprl2	NPR2-like, GATOR1 complex subunit
ILMN_1350385	0.000394559233519005	1.94168154051409e-06	-7.95601862727728	5.3770555429909	-0.374987877671025	Tmem150a	transmembrane protein 150A
ILMN_1364837	0.000394559233519005	1.96734573072976e-06	7.94670517787275	5.36432738897464	0.343507284371615	Fbxl3	F-box and leucine-rich repeat protein 3
ILMN_1376625	0.000394559233519005	1.98646708973139e-06	7.93984946027068	5.35495053086977	0.462241839791883	Hsp90b1	heat shock protein 90 beta family member 1
ILMN_1362443	0.000394559233519005	2.02147889542788e-06	7.92747587966401	5.3380104479874	0.878116440449276		
ILMN_1353641	0.000394559233519005	2.03548314862141e-06	7.92259010326793	5.33131581476584	0.468866271208055	Xpo1	exportin 1
ILMN_1373017	0.00040027163311213	2.09487957516629e-06	7.90225675980718	5.30341947930629	0.422950318422831	Xbp1	X-box binding protein 1
ILMN_1650784	0.000405389025459439	2.15279737224409e-06	7.88300978641292	5.27696152997754	0.599112980428238	Gadd45a	growth arrest and DNA-damage-inducible, alpha
ILMN_1361132	0.000405389025459439	2.1822811090153e-06	-7.87342165599223	5.26376223643235	-0.660220002786698	Map2k6	mitogen-activated protein kinase kinase 6
ILMN_1357975	0.000443656032339429	2.42144974660025e-06	7.8003756084943	5.16279060522845	0.821306880224431	Dnajb5	DnaJ heat shock protein family (Hsp40) member B5
ILMN_1349037	0.000450031560603923	2.489894241846e-06	7.78087431147809	5.13570967267028	0.367411820435957	Max	MYC associated factor X
ILMN_1365786	0.000467437824984591	2.62129413669014e-06	7.74497893705334	5.08572528963403	0.364288437339808	Nars2	asparaginyl-tRNA synthetase 2 (mitochondrial)(putative)
ILMN_1374840	0.000467437824984591	2.65609530458534e-06	7.73579108037095	5.07290249867932	1.31911813779151	Dmkn	dermokine
ILMN_1371020	0.000470220959100114	2.70706645612776e-06	7.72256187684206	5.05441893914781	0.394669508321649	Dusp11	dual specificity phosphatase 11 (RNA/RNP complex 1-interacting)
ILMN_1369235	0.000490277260764656	2.85918701604809e-06	-7.68459549916063	5.00123808551071	-0.565572705715963	Cirbp	cold inducible RNA binding protein
ILMN_1371619	0.000499402139017912	2.97993422487074e-06	7.65595240980262	4.96098383719288	0.372510397334905	Klhl29	kelch-like family member 29
ILMN_1362189	0.000499402139017912	2.98707821468658e-06	7.65429645220966	4.95865309719962	1.08741611135406	Klf10	Kruppel-like factor 10
ILMN_1352314	0.00052706896168076	3.19196903896386e-06	-7.60850941264371	4.89405652646114	-0.559369005312019		
ILMN_1370029	0.000529008668061933	3.30728099827851e-06	7.58409014461231	4.85948561068131	0.983856632101393		
ILMN_2039706	0.000529008668061933	3.31256474486586e-06	7.58299292097489	4.85793028100663	0.576061777712106	Bzw1	basic leucine zipper and W2 domains 1
ILMN_1371247	0.000529008668061933	3.33469906829255e-06	-7.57841656039423	4.85144140272798	-0.399188965424878	Exoc7	exocyst complex component 7
ILMN_1363753	0.000529008668061933	3.36192424562724e-06	-7.57283155891572	4.84351837229718	-0.635240339490099	Nr1d1	nuclear receptor subfamily 1, group D, member 1
ILMN_1370153	0.00054563989057116	3.50841350199026e-06	7.54357989853226	4.80194951526361	0.737831035719317		
ILMN_1353247	0.00054888322165132	3.58946490728416e-06	7.52794584526037	4.77968289620133	0.40019855557922	Elovl2	ELOVL fatty acid elongase 2
ILMN_1370709	0.00054888322165132	3.64931818987044e-06	7.51663875465668	4.76355741505238	0.514536603580884	Mgst2	microsomal glutathione S-transferase 2
ILMN_1355292	0.00054888322165132	3.65238181136205e-06	-7.51606528789816	4.7627390908834	-0.434485084299962	Rnf31	ring finger protein 31
ILMN_1371686	0.000551456732284497	3.71073689013867e-06	7.50523822951643	4.74728040345726	0.382433881584602	Vegfa	vascular endothelial growth factor A
ILMN_1360861	0.000567908258020799	3.89950955364216e-06	7.47140985833125	4.69887401211026	0.314603034533262	Zfp532	zinc finger protein 532
ILMN_1375780	0.000567908258020799	3.90635960657297e-06	7.4702151243193	4.697161456134	0.532169649893371		
ILMN_1352957	0.000570699354289193	3.99708787519802e-06	7.45459696483551	4.67475545407183	0.871013782762054	Reln	reelin
ILMN_1357577	0.000570699354289193	4.01089639649975e-06	-7.45225287651177	4.67138960999615	-0.409629347968112	Arhgef39	Rho guanine nucleotide exchange factor 39
ILMN_1373831	0.000606373357869044	4.34097188735822e-06	7.39862873225785	4.59417818742196	0.460817837895761	Cstf3	cleavage stimulation factor subunit 3
ILMN_1349135	0.000606373357869044	4.35228727891052e-06	-7.3968677379778	4.5916356566603	-0.309044490521313	Uckl1	uridine-cytidine kinase 1-like 1
ILMN_1371400	0.000618537300741957	4.5128333169167e-06	7.37239159173415	4.55625110979834	1.25361740924452	Tac1	tachykinin, precursor 1
ILMN_1359316	0.000618537300741957	4.53208639048312e-06	7.36951839202163	4.55209179088351	0.273543604802445	Nipa2	non imprinted in Prader-Willi/Angelman syndrome 2
ILMN_1350180	0.00062394776935139	4.61837975071309e-06	7.35679726841274	4.53366219244239	0.531834134252346	Emp1	epithelial membrane protein 1
ILMN_1371437	0.000656460374124646	4.90811494672633e-06	7.31585447191104	4.47418960218036	0.496585721146584	Luc7l	LUC7-like
ILMN_1364569	0.000656949220508915	5.00793277564071e-06	7.30233866769995	4.45450412415439	0.709233115048384	Cd24	CD24 molecule
ILMN_1349422	0.000656949220508915	5.01000527042313e-06	7.30206107056442	4.45409953527511	0.77819033021199	Ptgs2	prostaglandin-endoperoxide synthase 2
ILMN_1351859	0.000658572010864095	5.19189190978895e-06	-7.2781602063125	4.41922331236929	-0.629606949509077	Gipc2	GIPC PDZ domain containing family, member 2
ILMN_1367660	0.000658572010864095	5.22202005663603e-06	-7.27428684339791	4.41356356035421	-0.347928295394811	Rfc3	replication factor C subunit 3
ILMN_1363295	0.000658572010864095	5.22934527094589e-06	-7.27334866406112	4.4121923696632	-0.619693313970041	Tceal1	transcription elongation factor A like 1
ILMN_1351935	0.000658572010864095	5.25020666752033e-06	7.27068443012379	4.40829778366912	0.284348738923732	Mkln1	muskelin 1
ILMN_1360063	0.000658572010864095	5.26857608691276e-06	7.26834770310162	4.40488110814401	0.411072080745121	Wbscr22	Williams Beuren syndrome chromosome region 22
ILMN_1374149	0.000664803752638686	5.3681349745778e-06	-7.25583113842377	4.38656647925049	-0.255626599737798	Surf1	surfeit 1
ILMN_1363623	0.000686527326988409	5.59487690779339e-06	-7.22821817440421	4.34608254547136	-0.314415650937185		
ILMN_1354356	0.000727657574150223	6.03277351847904e-06	-7.17809026564279	4.2723078476571	-0.331995224682684	Ndp	NDP, norrin cystine knot growth factor
ILMN_1367710	0.000727657574150223	6.03887781163924e-06	-7.17741897112135	4.27131741963793	-0.383345147964008	Fibp	FGF1 intracellular binding protein
ILMN_1376901	0.000765165806567641	6.40736974471594e-06	7.13817132467974	4.2132979963108	0.560765157383672	Tspan5	tetraspanin 5
ILMN_1367225	0.000774531030544701	6.58751623765723e-06	7.11984392209399	4.18612827423948	0.439680006134692	Vhl	von Hippel-Lindau tumor suppressor
ILMN_1370585	0.000774531030544701	6.60161027903521e-06	7.11843245735181	4.18403380576259	0.331912160556003	Manf	mesencephalic astrocyte-derived neurotrophic factor
ILMN_1358741	0.000775465609905268	6.66755477675557e-06	7.11187040547597	4.17429259602677	0.941364264467008	Wfs1	wolframin ER transmembrane glycoprotein
ILMN_1352504	0.00079139351005021	6.87066949945038e-06	-7.09208157453749	4.14487865719399	-0.420596085469239		
ILMN_1353578	0.00079139351005021	6.92284416268221e-06	-7.08709811387765	4.13746231038799	-0.365180594944926	Omg	oligodendrocyte-myelin glycoprotein
ILMN_1353930	0.000817058453812931	7.20844093831222e-06	-7.06050410345978	4.09782419263567	-0.37979844568889	Fam69a	family with sequence similarity 69, member A
ILMN_1359139	0.000827087007697893	7.35875543297564e-06	7.04695090079792	4.07758363577987	0.41559870958084	Slc38a2	solute carrier family 38, member 2
ILMN_1348956	0.000840065159798097	7.53703320940349e-06	7.03125058140724	4.05410304821864	0.848241469423341	Fn1	fibronectin 1
ILMN_1361919	0.00086453000940424	7.82116868320845e-06	-7.00702126130103	4.01779630199171	-0.343332552556382	Alad	aminolevulinate dehydratase
ILMN_1368190	0.00088342440158425	8.08161752186525e-06	6.98561501818673	3.98564843879629	0.567962356470956	Kcns2	potassium voltage-gated channel, modifier subfamily S, member 2
ILMN_1373039	0.00088342440158425	8.23942491400109e-06	-6.97299649282514	3.96666654552762	-0.347487077511374		
ILMN_1357605	0.00088342440158425	8.24098105597345e-06	6.9728733360012	3.96648116734794	0.567216748694371		
ILMN_1364906	0.00088342440158425	8.25630281854439e-06	6.97166204470061	3.96465778845571	0.681719409649498	Gjb6	gap junction protein, beta 6
ILMN_1368346	0.000903417464329399	8.51069910321528e-06	6.95189015804692	3.93486441643959	0.529772828540251	Ago2	argonaute 2, RISC catalytic component
ILMN_1366066	0.000950605407600545	9.02630929086125e-06	6.91366360919408	3.87709996783447	0.661544795844574	Atg16l1	autophagy related 16-like 1
ILMN_1363702	0.00100168727023652	9.58624079179627e-06	-6.87467934287661	3.81796945110837	-0.393895448012243	Hopx	HOP homeobox
ILMN_1376823	0.00102947427752389	9.95114442012621e-06	6.85054636101064	3.78125299199026	0.553581398561465	Lox	lysyl oxidase
ILMN_1372311	0.00102947427752389	1.0006105127335e-05	-6.8469926367612	3.77583903035169	-0.348481541949797	Hscb	HscB mitochondrial iron-sulfur cluster co-chaperone
ILMN_1354551	0.00104467735035983	1.0244219162953e-05	-6.83183072303056	3.75271952891932	-0.318285644522237		
ILMN_1362369	0.00104467735035983	1.03100867474764e-05	6.82770223790763	3.74641837631499	0.290479097912679	Ogfod1	2-oxoglutarate and iron-dependent oxygenase domain containing 1
ILMN_1376682	0.00104627174791554	1.0404048035347e-05	6.82186080964833	3.73749852775358	0.381831101862376	Tbc1d14	TBC1 domain family, member 14
ILMN_1351117	0.00105786132320651	1.05983863409101e-05	6.80995378523309	3.71930093695297	0.429566345228654	Ctsl	cathepsin L
ILMN_1369508	0.00113229819720643	1.15118393320003e-05	6.75691078694361	3.6379805397918	0.78555664791005	Amhr2	anti-Mullerian hormone receptor type 2
ILMN_1358797	0.00113229819720643	1.15134620426224e-05	-6.75682056107211	3.63784185988264	-0.429757680408005		
ILMN_1367383	0.00116225561985545	1.19049734519773e-05	6.73543497631359	3.60493758679322	1.55298933307562	Hcrtr1	hypocretin receptor 1
ILMN_1360323	0.00118007831947125	1.22047493461935e-05	6.71955590579245	3.58046194339061	0.482162350726		
ILMN_1371536	0.00118007831947125	1.22639915070283e-05	6.71646657664493	3.57569578097691	0.567707763145818	Kcna5	potassium voltage-gated channel subfamily A member 5
ILMN_1364498	0.00118898253917303	1.24454247091009e-05	-6.70710231276232	3.56124012071618	-0.274832410827994	Cdk5	cyclin-dependent kinase 5
ILMN_1359521	0.00118996247532615	1.25446511417561e-05	-6.70204168515334	3.55342259585247	-0.491653132828352	Fzd8	frizzled class receptor 8
ILMN_1353558	0.00119158089088605	1.2650802729407e-05	6.69667440167431	3.54512720880579	0.555519897777328	Pdia3	protein disulfide isomerase family A, member 3
ILMN_1364414	0.00125656707965789	1.34346984965292e-05	6.65845146963209	3.48592832632538	0.95353767614256	Vgf	VGF nerve growth factor inducible
ILMN_1360816	0.00127113431300061	1.36854834446421e-05	-6.64671807572769	3.46771239471071	-0.379613228812163	Rbm11	RNA binding motif protein 11
ILMN_1350146	0.00138115331302446	1.49732508701717e-05	6.58983331644287	3.37910962636551	0.516057351221935		
ILMN_1370862	0.00139977462096039	1.52965873042855e-05	6.57636002457521	3.35805337076365	0.412089187001528	Upp1	uridine phosphorylase 1
ILMN_1375039	0.00139977462096039	1.5434927580271e-05	6.57068688057169	3.34917921800457	0.43282760728134	Rcan2	regulator of calcineurin 2
ILMN_1649980	0.00139977462096039	1.54890948711878e-05	6.56848014088104	3.34572605591319	0.675158130087352	Dusp26	dual specificity phosphatase 26 (putative)
ILMN_1357437	0.00142743984046348	1.59019466339483e-05	6.55192344222819	3.31979459344768	0.436296840405614	Kif23	kinesin family member 23
ILMN_1350200	0.00143069628176188	1.6045191944993e-05	-6.54628448659778	3.3109534209968	-0.415715555103608		
ILMN_1356932	0.00144001316008856	1.63429554890633e-05	-6.53473067869732	3.29282371366168	-0.639791252994037	Arhgef25	Rho guanine nucleotide exchange factor 25
ILMN_1372688	0.00144001316008856	1.63650093707261e-05	-6.53388378587582	3.29149402603902	-0.371659489588961	Rnf145	ring finger protein 145
ILMN_1359436	0.0015132120486404	1.7334765192004e-05	-6.49778727571237	3.23472035082449	-0.272377680466083	Pex14	peroxisomal biogenesis factor 14
ILMN_1360160	0.0015132120486404	1.7666051663836e-05	-6.48594165886268	3.21604688679211	-0.660147568155499	Brinp3	BMP/retinoic acid inducible neural specific 3
ILMN_1356831	0.0015132120486404	1.76966572285994e-05	-6.48485914349055	3.21433936320744	-0.448699149832379	Ifngr2	interferon gamma receptor 2
ILMN_1376406	0.0015132120486404	1.77461804611446e-05	6.48311168318586	3.21158260901139	0.32399940667645		
ILMN_1354371	0.0015132120486404	1.77625638606761e-05	6.48253471467423	3.21067229643618	0.72609785462283	Car12	carbonic anhydrase 12
ILMN_1649943	0.00154895137463436	1.82978928741854e-05	6.46398446837567	3.1813781725492	0.7922408669585	Cryba2	crystallin, beta A2
ILMN_1370259	0.00155678740518518	1.85068558822014e-05	-6.45689811774239	3.17017402190603	-0.428023127258799		
ILMN_1359857	0.001607041970938	1.92244273158939e-05	-6.43319000353026	3.13263492460997	-0.470334423140897		
ILMN_1363888	0.00163005208190281	1.962156150926e-05	-6.42046634999264	3.11245388387727	-0.316635524082717	Nudt6	nudix hydrolase 6
ILMN_1351453	0.00163172777680205	1.98086971737645e-05	6.41456446661972	3.10308467856085	0.434022255654304	Emx2	empty spiracles homeobox 2
ILMN_1371615	0.00163172777680205	1.98857291677558e-05	6.41215207101194	3.09925351776176	0.417291994810292	Cacnb4	calcium voltage-gated channel auxiliary subunit beta 4
ILMN_1352249	0.00164047711414297	2.01150091005195e-05	6.40502956993658	3.08793710084888	0.617628448361775	Fat3	FAT atypical cadherin 3
ILMN_1358531	0.00165405953387368	2.04397654828825e-05	6.39508608491746	3.07212596439945	0.505641897168712	Tubb6	tubulin, beta 6 class V
ILMN_1650663	0.00165405953387368	2.05288884204135e-05	-6.39238636930125	3.06783059847591	-0.299450038687798		
ILMN_1356448	0.00166385342928465	2.10962626302047e-05	6.37548362123857	3.04091285019386	1.32597728265482	Tgfb1	transforming growth factor, beta 1
ILMN_1372708	0.00166385342928465	2.11605135754096e-05	-6.37359974430233	3.03791012034048	-0.238500579524386	Mlst8	MTOR associated protein, LST8 homolog
ILMN_1364745	0.00166385342928465	2.12365009153659e-05	6.37137950627096	3.03437058093005	0.536111722087663	Slc9a3r1	SLC9A3 regulator 1
ILMN_1368870	0.00166385342928465	2.12431402055257e-05	-6.37118591344206	3.03406191721878	-0.433407817745231	Pex5l	peroxisomal biogenesis factor 5-like
ILMN_1363025	0.00166385342928465	2.12724438435645e-05	6.37033221883231	3.03270072284516	0.351701038440508	Tnik	TRAF2 and NCK interacting kinase
ILMN_1374954	0.00167271107835076	2.15107518113144e-05	6.36343529318294	3.02169975885948	0.697305081139898	Ap2b1	adaptor-related protein complex 2, beta 1 subunit
ILMN_1368078	0.00167506074702296	2.16662062979419e-05	-6.35897946074099	3.01458869157617	-0.285956987259402		
ILMN_1364280	0.00167593068078923	2.18027617538188e-05	6.35509301454509	3.00838388745721	0.306633588036558	Ubfd1	ubiquitin family domain containing 1
ILMN_1530347	0.00170335424115378	2.22868779216383e-05	6.34151834692031	2.98669390719624	0.574598515608098	Isyna1	inositol-3-phosphate synthase 1
ILMN_1362806	0.00171012687849808	2.25033518217318e-05	-6.33554849999064	2.97714640737795	-0.36697707056574	Txnrd3	thioredoxin reductase 3
ILMN_1360726	0.00171622662374804	2.27119336376376e-05	6.32985320373814	2.96803303163139	0.346470504059562	Chpf	chondroitin polymerizing factor
ILMN_1360001	0.00171663273417877	2.28456543315007e-05	6.32623086440981	2.96223419463909	0.36014608799929	Vkorc1l1	vitamin K epoxide reductase complex, subunit 1-like 1
ILMN_1366244	0.0017933281980901	2.40047896892284e-05	6.29573582691135	2.91333838754825	0.409906988086387		
ILMN_1365977	0.0017933281980901	2.41345103294369e-05	6.29241988595942	2.90801322780235	0.870286167410572	Itk	IL2-inducible T-cell kinase
ILMN_1361989	0.00179574945758459	2.44881763006127e-05	6.28347381552542	2.89363829754585	0.669876842784005		
ILMN_1349053	0.00179574945758459	2.45030475733044e-05	6.28310062689167	2.89303838228451	0.501929573631915		
ILMN_1376819	0.00179574945758459	2.45698804290078e-05	-6.28142642000124	2.89034677351876	-0.529914571746131		
ILMN_1355190	0.00181199506842071	2.4927633090797e-05	6.27254518558467	2.87606148430788	0.29797524277729	Stim2	stromal interaction molecule 2
ILMN_1366607	0.0018235837875469	2.52234019212095e-05	6.26530338135525	2.86440446629937	2.91541919568987	Trh	thyrotropin releasing hormone
ILMN_1376888	0.00183826751170641	2.55704749158062e-05	-6.25691848556186	2.85089764681228	-0.342378869426998	Tspyl4	TSPY-like 4
ILMN_1356628	0.00183826751170641	2.57013850234841e-05	-6.25378689860168	2.84585043297219	-0.47415232544145	Nfkbia	NFKB inhibitor alpha
ILMN_1372262	0.00184099943480464	2.58772257004316e-05	6.24960680286381	2.83911104343319	0.301454848701701	Sgsm3	small G protein signaling modulator 3
ILMN_1357942	0.00184942226571195	2.61844785238308e-05	-6.24237398793403	2.82744372123695	-0.232332584658003		
ILMN_1362329	0.00184942226571195	2.63565862036945e-05	6.23836143425899	2.82096766357762	0.37803921059289		
ILMN_1361493	0.00184942226571195	2.64184161392687e-05	-6.23692664388552	2.81865140125043	-0.593205707967478	Plekhf1	pleckstrin homology and FYVE domain containing 1
ILMN_1349123	0.00184942226571195	2.66774458785797e-05	6.23095390009989	2.80900596345504	0.277146113449936	Top1	topoisomerase (DNA) I
ILMN_1650908	0.00184942226571195	2.68373678020503e-05	6.22729677598432	2.80309741120474	0.472462455743681	Gpatch4	G patch domain containing 4
ILMN_1376651	0.00184942226571195	2.69320292533105e-05	-6.22514282393771	2.79961649134721	-0.37098660195171	Arhgef2	Rho/Rac guanine nucleotide exchange factor 2
ILMN_1368822	0.00184942226571195	2.69635395748658e-05	6.22442759566533	2.79846048496421	0.524241856258749	Dnajc3	DnaJ heat shock protein family (Hsp40) member C3
ILMN_1360869	0.00185343370394518	2.71605985774396e-05	6.2199745509167	2.79126141675893	0.46321988330246	Sntg2	syntrophin, gamma 2
ILMN_1349705	0.0018578995055632	2.73649497268e-05	-6.21539246854044	2.78385064748459	-0.573821617700231	Anxa4	annexin A4
ILMN_1358132	0.00187580673171021	2.77862028854754e-05	6.2060593841906	2.7687462136185	1.14098976845665	Hsf2bp	heat shock transcription factor 2 binding protein
ILMN_1371223	0.00187580673171021	2.79091992232023e-05	6.20336238526091	2.76437903492477	0.476013470528397	Fbl	fibrillarin
ILMN_1649927	0.00187871941823873	2.80930006465605e-05	-6.19935529174592	2.75788844958783	-0.35037614324977	Tmem106c	transmembrane protein 106C
ILMN_1376311	0.00188936722519505	2.83934812907817e-05	6.19286345673013	2.74736805745317	0.561773513232027	Lmo1	LIM domain only 1
ILMN_1370493	0.00190085524029646	2.87495147596766e-05	6.18526428513552	2.73504517046953	0.2594907911957		
ILMN_1368381	0.00190085524029646	2.90988736543763e-05	6.17790316008709	2.72310008322006	0.376856099708995	P4ha1	prolyl 4-hydroxylase subunit alpha 1
ILMN_1360637	0.00190085524029646	2.91135728492073e-05	6.17759548279557	2.72260063127045	0.664013454370969	Prg4	proteoglycan 4
ILMN_1372230	0.00190085524029646	2.91436659596835e-05	6.17696609578053	2.72157890454028	0.350489303779502		
ILMN_1366386	0.00190085524029646	2.92767237010147e-05	-6.1741914050128	2.71707385555135	-0.600071536743904	Tob2	transducer of ERBB2, 2
ILMN_1360040	0.00192526872634786	2.98243632314158e-05	-6.16290924633295	2.69874406075416	-0.409309474187949	Nudt14	nudix hydrolase 14
ILMN_1357130	0.00192526872634786	2.99406276695592e-05	6.16054206827679	2.69489576474419	1.22784446891933	Cflar	CASP8 and FADD-like apoptosis regulator
ILMN_1372095	0.0019280405528112	3.02280032580392e-05	6.15473223609379	2.68544723857237	0.302639271847212	Irf1	interferon regulatory factor 1
ILMN_1374708	0.0019280405528112	3.04317473734275e-05	6.15064823897008	2.6788024225093	0.315629463218484	Dip2c	disco-interacting protein 2 homolog C
ILMN_1356921	0.0019280405528112	3.05411303826283e-05	6.14846752718232	2.67525330379783	0.519335167517712	Ppp1r1a	protein phosphatase 1, regulatory (inhibitor) subunit 1A
ILMN_1368776	0.0019280405528112	3.05846253197137e-05	-6.14760267196087	2.67384555137717	-0.258717879690231		
ILMN_1365570	0.0019280405528112	3.07044962802831e-05	6.14522582800421	2.66997611197056	0.281471876613677	Ubac1	UBA domain containing 1
ILMN_1368797	0.00196621412570769	3.1459426011323e-05	-6.13047740528665	2.64594723089362	-0.459914413736676	Klf15	Kruppel-like factor 15
ILMN_1369210	0.00196660266650458	3.16757627946717e-05	-6.12631953568625	2.63916715601151	-0.357525747694223	Fv1	Friend virus susceptibility 1
ILMN_1349540	0.00196660266650458	3.18933242412896e-05	6.1221681220607	2.63239503664269	0.472282014479767	Dlg1	discs large MAGUK scaffold protein 1
ILMN_1359668	0.00196660266650458	3.19576889741705e-05	6.12094564580687	2.6304003453897	0.451024116962019		
ILMN_1650399	0.00196660266650458	3.20537855176073e-05	6.11912529643342	2.62742970299222	0.505422267137562	Tagln2	transgelin 2
ILMN_1366357	0.00197542725339902	3.23687387852427e-05	6.1131991176347	2.61775530311345	0.855567755855032		
ILMN_1357012	0.00197542725339902	3.24930090278717e-05	6.11087749708343	2.61396386428951	0.308516035704375		
ILMN_1372689	0.00199774480399827	3.30094655464386e-05	-6.10132800176751	2.59836013294495	-0.320819939657349		
ILMN_1357606	0.00203390740553333	3.37590612357682e-05	6.08774341159255	2.57613969864096	0.57183390919508	Wfdc1	WAP four-disulfide core domain 1
ILMN_1351464	0.00207798597006815	3.46460464542203e-05	-6.07207259910349	2.55047265899384	-0.368109487693466		
ILMN_1376073	0.00211442125669007	3.54116158129776e-05	-6.05888215272738	2.52883983207031	-0.665378944733233	Nexn	nexilin (F actin binding protein)
ILMN_1369953	0.00219929833524741	3.69975420882743e-05	-6.03248533826745	2.48547028748081	-0.248062292516464	Pcif1	PDX1 C-terminal inhibiting factor 1
ILMN_1358464	0.00222476414579169	3.7592276407396e-05	6.02289153531911	2.46968213507596	0.414567287025893	Pde9a	phosphodiesterase 9A
ILMN_1651033	0.00223239233189637	3.78880792030263e-05	6.01817906334352	2.46192198790254	0.394587967966182		
ILMN_1357865	0.00223926517204287	3.83723908545606e-05	6.01054623834423	2.44934581590007	0.320052684825754	Ppard	peroxisome proliferator-activated receptor delta
ILMN_1371231	0.00223926517204287	3.83900250918604e-05	6.01027023235537	2.44889089425551	0.338209836840027		
ILMN_1355480	0.00223926517204287	3.8506989874382e-05	-6.00844289704692	2.44587873776762	-0.296749221380225	Usp30	ubiquitin specific peptidase 30
ILMN_1350322	0.00224839503640899	3.88927521090716e-05	-6.00245720626426	2.43600852495312	-0.54765854147748		
ILMN_1356002	0.00224839503640899	3.91621717679815e-05	5.99831361010135	2.42917274849141	0.411322874435803	Map4	microtubule-associated protein 4
ILMN_2040847	0.00224839503640899	3.91683023165081e-05	5.99821967272152	2.42901774847378	0.310422943486656	Adrb2	adrenoceptor beta 2
ILMN_1363239	0.00224871655064048	3.93420316149438e-05	5.99556404650192	2.42463532829615	0.297128819559177	Slc25a46	solute carrier family 25, member 46
ILMN_1363415	0.00228137004206932	4.01005528026707e-05	-5.98411177144203	2.40572432670257	-0.370374143651567		
ILMN_1363940	0.00228137004206932	4.02544545740829e-05	5.98181590670984	2.40193084933087	0.683980747093242	Plek2	pleckstrin 2
ILMN_1369730	0.0022966474849177	4.08100605730712e-05	5.97360355214474	2.38835509714027	0.311520599845778	Sidt2	SID1 transmembrane family, member 2
ILMN_1374026	0.0022966474849177	4.10352996589771e-05	5.97030770413254	2.38290395190993	0.330698019462248		
ILMN_1366612	0.0022966474849177	4.11603815012655e-05	-5.96848561609696	2.37988962980388	-0.397776589872496	Mapk3	mitogen activated protein kinase 3
ILMN_1651179	0.0022966474849177	4.12108707574016e-05	-5.96775177699019	2.37867548371575	-0.378731719741181	Hhip	Hedgehog-interacting protein
ILMN_1362246	0.00231188476806608	4.16571386245926e-05	5.96130621940665	2.36800779346886	0.463608605434669	Sall2	spalt-like transcription factor 2
ILMN_1362479	0.00235001132856908	4.25198311412125e-05	-5.94904913232082	2.34770475301188	-0.414678223297022	Hsd3b7	hydroxy-delta-5-steroid dehydrogenase, 3 beta- and steroid delta-isomerase 7
ILMN_1354684	0.00236119171510076	4.28986606930456e-05	5.94374899899891	2.33891853802227	0.27802976920214	Tmem33	transmembrane protein 33
ILMN_1363107	0.00239491909758583	4.36904867148368e-05	5.93282762181182	2.3208006599657	0.4070914857344	Fam65b	family with sequence similarity 65, member B
ILMN_1367386	0.00239536339041401	4.40307707720841e-05	-5.92819787539489	2.31311486664403	-0.283237750038943	Bles03	basophilic leukemia expressed protein BLES03
ILMN_1351082	0.00239536339041401	4.40567771246241e-05	-5.92784559107623	2.31252991313009	-0.774386928346043	Zfp593	zinc finger protein 593
ILMN_1373152	0.00242423229835001	4.47690002013049e-05	5.91828167351147	2.2966424000323	0.431037418694949	B4galnt1	beta-1,4-N-acetyl-galactosaminyl transferase 1
ILMN_1348905	0.00247873362179685	4.59608178097659e-05	-5.9026293196084	2.270611597499	-0.385420700412761	Tmem199	transmembrane protein 199
ILMN_1356676	0.00249383711259615	4.64273226943135e-05	-5.89661829620768	2.26060526944128	-0.381131381742588	Frmd3	FERM domain containing 3
ILMN_1376582	0.0025287522756423	4.7266397675557e-05	5.88596444201341	2.24285706215631	0.463836029281621	Epb41l1	erythrocyte membrane protein band 4.1-like 1
